employee_id,q_work_life_balance,q_manager_effectiveness,q_career_growth,overall_satisfaction,satisfaction_category,open_comment
EMP0001,1.0,3.0,,2.8845756364378934,Medium,"Benefits are fine, but work is repetitive."
EMP0002,4.0,1.0,1.0,2.148178952449899,Low,Need better work life balance.
EMP0003,5.0,5.0,1.0,3.910128752520158,High,Very supportive management.
EMP0004,2.0,3.0,5.0,3.1599206620016695,Medium,It's okay here.
EMP0005,4.0,2.0,3.0,3.7646633848614295,High,Best company I've worked for!
EMP0006,4.0,3.0,5.0,4.167020751650781,High,Very supportive management.
EMP0007,5.0,3.0,5.0,4.077510611682255,High,Love my team.
EMP0008,5.0,2.0,3.0,3.5373640406071565,High,Love my team.
EMP0009,5.0,4.0,5.0,4.460111052749888,High,Love my team.
EMP0010,3.0,4.0,,2.6256858472491142,Medium,Average place to work.
EMP0011,4.0,1.0,5.0,3.1268677868299535,Medium,Decent team.
EMP0012,3.0,1.0,3.0,3.032135556961807,Medium,"Benefits are fine, but work is repetitive."
EMP0013,5.0,4.0,4.0,4.192584615446534,High,Great place to work!
EMP0014,5.0,5.0,5.0,5.0,High,Excellent work life balance and growth.
EMP0015,4.0,3.0,2.0,3.002956173437012,Medium,Decent team.
EMP0016,3.0,5.0,1.0,2.652476048228163,Medium,"Benefits are fine, but work is repetitive."
EMP0017,2.0,3.0,1.0,2.0592947908698522,Low,Not enough growth opportunities.
EMP0018,4.0,4.0,2.0,3.520207551125712,High,Love my team.
EMP0019,2.0,1.0,2.0,1.8675879598263543,Low,Poor communication.
EMP0020,4.0,,5.0,2.6133342536377175,Medium,Decent team.
EMP0021,4.0,5.0,2.0,3.329546285899273,Medium,"Benefits are fine, but work is repetitive."
EMP0022,3.0,1.0,4.0,2.9872664157065656,Medium,Average place to work.
EMP0023,1.0,4.0,3.0,2.2229179112173623,Low,Need better work life balance.
EMP0024,3.0,5.0,2.0,3.3608832150930334,Medium,"Benefits are fine, but work is repetitive."
EMP0025,3.0,3.0,2.0,2.3225925914313645,Low,Poor communication.
EMP0026,5.0,1.0,4.0,3.719480330647532,High,Excellent work life balance and growth.
EMP0027,,2.0,1.0,2.3793808787986723,Low,Management doesn't listen.
EMP0028,5.0,1.0,1.0,2.8195729718517097,Medium,"Benefits are fine, but work is repetitive."
EMP0029,3.0,3.0,5.0,3.909767043706079,High,Love my team.
EMP0030,4.0,5.0,4.0,4.76917004346986,High,Best company I've worked for!
EMP0031,3.0,,3.0,2.6477777605173074,Medium,Average place to work.
EMP0032,4.0,2.0,3.0,2.8633984206545913,Medium,"Some good days, some bad days."
EMP0033,,4.0,4.0,4.269263071091139,High,Very supportive management.
EMP0034,5.0,1.0,3.0,3.539065931551244,High,Very supportive management.
EMP0035,,5.0,1.0,2.7976971139284226,Medium,"Some good days, some bad days."
EMP0036,5.0,4.0,3.0,3.8768341804023243,High,Best company I've worked for!
EMP0037,3.0,3.0,3.0,2.8043359530208485,Medium,It's okay here.
EMP0038,4.0,5.0,4.0,3.818471510786816,High,Very supportive management.
EMP0039,4.0,4.0,4.0,3.6185766453477775,High,Very supportive management.
EMP0040,2.0,5.0,3.0,2.8258122064909537,Medium,Decent team.
EMP0041,4.0,2.0,2.0,2.7117704578583104,Medium,Decent team.
EMP0042,3.0,2.0,4.0,3.0812509547501863,Medium,"Benefits are fine, but work is repetitive."
EMP0043,2.0,1.0,5.0,2.7300418494927117,Medium,Decent team.
EMP0044,5.0,1.0,5.0,3.6474313240172953,High,Very supportive management.
EMP0045,3.0,2.0,1.0,1.9548038651157364,Low,Management doesn't listen.
EMP0046,3.0,5.0,3.0,3.6370984485453786,High,Great place to work!
EMP0047,1.0,2.0,2.0,1.151195632855172,Low,Need better work life balance.
EMP0048,2.0,1.0,1.0,1.6878321596249268,Low,Management doesn't listen.
EMP0049,3.0,2.0,3.0,3.0856155837042816,Medium,It's okay here.
EMP0050,4.0,2.0,4.0,3.2123258086935884,Medium,It's okay here.
EMP0051,4.0,5.0,5.0,4.480469152195366,High,Great place to work!
EMP0052,4.0,,2.0,3.7729936674535507,High,Love my team.
EMP0053,2.0,1.0,5.0,2.56308452270303,Medium,"Benefits are fine, but work is repetitive."
EMP0054,3.0,5.0,4.0,4.076473633785489,High,Excellent work life balance and growth.
EMP0055,1.0,2.0,3.0,1.8723083818597677,Low,Overworked and underpaid.
EMP0056,5.0,2.0,,4.266892216544082,High,Love my team.
EMP0057,4.0,4.0,4.0,4.147023888475449,High,Great place to work!
EMP0058,5.0,1.0,5.0,3.9642967315757573,High,Best company I've worked for!
EMP0059,3.0,1.0,2.0,2.2698919616200763,Low,Need better work life balance.
EMP0060,3.0,3.0,4.0,3.1334658791016863,Medium,Average place to work.
EMP0061,3.0,1.0,5.0,2.8610282589232394,Medium,It's okay here.
EMP0062,2.0,4.0,2.0,2.8307736918679924,Medium,Decent team.
EMP0063,2.0,3.0,3.0,2.637923848830085,Medium,"Benefits are fine, but work is repetitive."
EMP0064,4.0,3.0,3.0,3.046716697656468,Medium,"Some good days, some bad days."
EMP0065,4.0,2.0,1.0,3.061931327387434,Medium,"Benefits are fine, but work is repetitive."
EMP0066,2.0,2.0,5.0,3.19342156018913,Medium,"Some good days, some bad days."
EMP0067,4.0,1.0,2.0,2.5112878971535055,Medium,"Some good days, some bad days."
EMP0068,3.0,3.0,4.0,3.2179497054600104,Medium,It's okay here.
EMP0069,3.0,2.0,3.0,2.759602757259025,Medium,It's okay here.
EMP0070,5.0,4.0,2.0,3.9552560297472286,High,Excellent work life balance and growth.
EMP0071,2.0,2.0,5.0,2.290099779298986,Low,Poor communication.
EMP0072,4.0,2.0,1.0,3.133704912845726,Medium,"Benefits are fine, but work is repetitive."
EMP0073,4.0,3.0,3.0,3.163034707249924,Medium,Average place to work.
EMP0074,5.0,3.0,,3.4994283101033727,Medium,"Some good days, some bad days."
EMP0075,5.0,5.0,2.0,4.1104600648337435,High,Love my team.
EMP0076,2.0,4.0,2.0,3.1990550656066556,Medium,It's okay here.
EMP0077,,3.0,5.0,3.9735628476979916,High,Best company I've worked for!
EMP0078,4.0,1.0,5.0,3.876552188306089,High,Great place to work!
EMP0079,2.0,4.0,5.0,3.6220182408383343,High,Very supportive management.
EMP0080,4.0,4.0,4.0,3.7114345413382153,High,Excellent work life balance and growth.
EMP0081,2.0,3.0,2.0,2.340412240430841,Low,Need better work life balance.
EMP0082,3.0,4.0,3.0,3.2644473834855265,Medium,Decent team.
EMP0083,3.0,3.0,,3.2747788545287313,Medium,It's okay here.
EMP0084,4.0,2.0,,3.8073168308416725,High,Great place to work!
EMP0085,3.0,5.0,2.0,3.306630824954957,Medium,Average place to work.
EMP0086,2.0,,5.0,3.066926511637562,Medium,"Benefits are fine, but work is repetitive."
EMP0087,4.0,3.0,4.0,3.7580058338794946,High,Great place to work!
EMP0088,5.0,3.0,4.0,3.9046691308957784,High,Best company I've worked for!
EMP0089,4.0,2.0,,3.9305001976870946,High,Excellent work life balance and growth.
EMP0090,1.0,1.0,2.0,1.1126805159239261,Low,Not enough growth opportunities.
EMP0091,3.0,1.0,,1.1700988431650188,Low,Poor communication.
EMP0092,2.0,1.0,2.0,1.7385958843862652,Low,Management doesn't listen.
EMP0093,5.0,3.0,1.0,3.0337778818298027,Medium,Average place to work.
EMP0094,3.0,4.0,5.0,4.014639151318991,High,Best company I've worked for!
EMP0095,4.0,3.0,2.0,3.6996615207819143,High,Great place to work!
EMP0096,2.0,4.0,4.0,3.8083219079444177,High,Love my team.
EMP0097,2.0,2.0,3.0,2.250463123333448,Low,Not enough growth opportunities.
EMP0098,4.0,5.0,,3.752045448626183,High,Great place to work!
EMP0099,5.0,4.0,2.0,3.975404984575377,High,Love my team.
EMP0100,3.0,1.0,3.0,2.288932322440094,Low,Need better work life balance.
EMP0101,5.0,3.0,3.0,3.9175329567040826,High,Great place to work!
EMP0102,4.0,2.0,1.0,2.301741771331944,Low,Poor communication.
EMP0103,2.0,1.0,4.0,2.3752077248068253,Low,Not enough growth opportunities.
EMP0104,4.0,2.0,4.0,3.1564077543119575,Medium,"Some good days, some bad days."
EMP0105,4.0,5.0,1.0,3.7552760248094397,High,Great place to work!
EMP0106,4.0,3.0,1.0,2.623006692774216,Medium,"Benefits are fine, but work is repetitive."
EMP0107,3.0,3.0,3.0,3.198330760720491,Medium,Average place to work.
EMP0108,2.0,5.0,5.0,3.420569815044344,Medium,Average place to work.
EMP0109,4.0,3.0,3.0,3.634352156983207,High,Great place to work!
EMP0110,,4.0,1.0,2.41008477921954,Low,Need better work life balance.
EMP0111,1.0,2.0,4.0,2.278353042092353,Low,Management doesn't listen.
EMP0112,3.0,1.0,3.0,2.7069602920043963,Medium,It's okay here.
EMP0113,3.0,,5.0,4.140005130432966,High,Love my team.
EMP0114,5.0,4.0,3.0,3.79124992677622,High,Very supportive management.
EMP0115,,1.0,,2.2490437521407767,Low,Management doesn't listen.
EMP0116,3.0,1.0,3.0,2.147705580304036,Low,Need better work life balance.
EMP0117,4.0,5.0,1.0,3.2787263202408314,Medium,Decent team.
EMP0118,2.0,4.0,4.0,3.2796387978487185,Medium,"Benefits are fine, but work is repetitive."
EMP0119,3.0,1.0,4.0,3.108202810832312,Medium,"Some good days, some bad days."
EMP0120,1.0,,1.0,1.0079660061398406,Low,Overworked and underpaid.
EMP0121,5.0,4.0,2.0,3.806857252953537,High,Very supportive management.
EMP0122,3.0,3.0,1.0,2.621253868086855,Medium,Decent team.
EMP0123,2.0,1.0,3.0,2.015111569001899,Low,Overworked and underpaid.
EMP0124,5.0,2.0,1.0,3.090659059949869,Medium,It's okay here.
EMP0125,3.0,4.0,1.0,3.023560063818884,Medium,"Benefits are fine, but work is repetitive."
EMP0126,2.0,1.0,2.0,1.6016788549196004,Low,Management doesn't listen.
EMP0127,3.0,5.0,3.0,2.6174968098259637,Medium,"Benefits are fine, but work is repetitive."
EMP0128,3.0,2.0,5.0,3.0546218719243603,Medium,"Some good days, some bad days."
EMP0129,3.0,1.0,,3.362604603250591,Medium,"Benefits are fine, but work is repetitive."
EMP0130,2.0,2.0,4.0,2.5898705655807035,Medium,It's okay here.
EMP0131,2.0,2.0,1.0,1.5982609187216303,Low,Not enough growth opportunities.
EMP0132,4.0,3.0,4.0,4.0500354979609625,High,Love my team.
EMP0133,,2.0,2.0,2.3696025251310315,Low,Poor communication.
EMP0134,3.0,3.0,5.0,2.9722400382752534,Medium,Decent team.
EMP0135,4.0,4.0,1.0,2.6484093816974967,Medium,It's okay here.
EMP0136,2.0,,2.0,2.4255944062450716,Low,Need better work life balance.
EMP0137,2.0,5.0,2.0,2.879932717521582,Medium,"Benefits are fine, but work is repetitive."
EMP0138,4.0,1.0,1.0,2.6363969436487666,Medium,It's okay here.
EMP0139,2.0,4.0,2.0,2.380019394858747,Low,Poor communication.
EMP0140,4.0,4.0,1.0,3.0071497713988613,Medium,Decent team.
EMP0141,5.0,5.0,1.0,3.5346490780819937,High,Excellent work life balance and growth.
EMP0142,3.0,3.0,3.0,2.843821746695864,Medium,"Some good days, some bad days."
EMP0143,2.0,1.0,4.0,1.7324288296239128,Low,Not enough growth opportunities.
EMP0144,2.0,3.0,2.0,2.1842946007848405,Low,Management doesn't listen.
EMP0145,2.0,2.0,2.0,1.9844393408690295,Low,Poor communication.
EMP0146,2.0,3.0,3.0,2.5591007472602945,Medium,"Some good days, some bad days."
EMP0147,5.0,4.0,3.0,4.744865979119842,High,Very supportive management.
EMP0148,1.0,1.0,3.0,2.150045373153094,Low,Management doesn't listen.
EMP0149,4.0,3.0,5.0,3.7747301587116744,High,Love my team.
EMP0150,2.0,1.0,5.0,1.9868189916042214,Low,Management doesn't listen.
EMP0151,3.0,1.0,5.0,2.970239894120533,Medium,"Some good days, some bad days."
EMP0152,3.0,2.0,,2.212953041451186,Low,Overworked and underpaid.
EMP0153,5.0,2.0,2.0,2.9418547779851494,Medium,Decent team.
EMP0154,3.0,4.0,4.0,3.3567073098222835,Medium,Average place to work.
EMP0155,5.0,5.0,1.0,4.274766490793759,High,Best company I've worked for!
EMP0156,5.0,1.0,2.0,2.822734528656409,Medium,It's okay here.
EMP0157,4.0,5.0,2.0,3.898675055708722,High,Great place to work!
EMP0158,3.0,4.0,3.0,3.020908290643667,Medium,It's okay here.
EMP0159,4.0,1.0,3.0,2.782917862382562,Medium,It's okay here.
EMP0160,3.0,1.0,1.0,1.6990984939096465,Low,Management doesn't listen.
EMP0161,2.0,5.0,3.0,2.9973880283590133,Medium,Decent team.
EMP0162,4.0,3.0,2.0,3.4465901234565077,Medium,"Benefits are fine, but work is repetitive."
EMP0163,4.0,2.0,3.0,2.6833368971100957,Medium,Average place to work.
EMP0164,3.0,3.0,5.0,3.690017047653387,High,Great place to work!
EMP0165,4.0,5.0,3.0,3.89346350335285,High,Best company I've worked for!
EMP0166,4.0,2.0,2.0,2.9244473446107624,Medium,It's okay here.
EMP0167,3.0,3.0,1.0,2.2975270103344925,Low,Overworked and underpaid.
EMP0168,3.0,2.0,4.0,3.2601579185756817,Medium,It's okay here.
EMP0169,5.0,1.0,3.0,2.918089220524354,Medium,It's okay here.
EMP0170,2.0,3.0,2.0,2.647265957502593,Medium,It's okay here.
EMP0171,,2.0,4.0,3.791359191597673,High,Very supportive management.
EMP0172,2.0,2.0,4.0,2.2014492412954625,Low,Poor communication.
EMP0173,2.0,2.0,5.0,3.104064636770847,Medium,It's okay here.
EMP0174,3.0,3.0,4.0,3.2403450769447044,Medium,It's okay here.
EMP0175,4.0,4.0,2.0,2.8876486221581366,Medium,It's okay here.
EMP0176,5.0,3.0,2.0,3.5997404251276612,High,Great place to work!
EMP0177,3.0,5.0,3.0,3.90197871458331,High,Love my team.
EMP0178,1.0,3.0,3.0,2.584640722108039,Medium,"Some good days, some bad days."
EMP0179,2.0,2.0,,2.18649443522007,Low,Need better work life balance.
EMP0180,5.0,1.0,4.0,3.5435954165977215,High,Great place to work!
EMP0181,3.0,3.0,4.0,3.3151609028378735,Medium,"Benefits are fine, but work is repetitive."
EMP0182,3.0,3.0,5.0,4.046940789471406,High,Very supportive management.
EMP0183,3.0,2.0,3.0,2.456853425288005,Low,Need better work life balance.
EMP0184,5.0,1.0,1.0,2.460602164338637,Low,Poor communication.
EMP0185,2.0,1.0,5.0,2.349583907165058,Low,Management doesn't listen.
EMP0186,3.0,5.0,1.0,2.5652548430661337,Medium,"Some good days, some bad days."
EMP0187,3.0,3.0,4.0,3.3743361543156243,Medium,It's okay here.
EMP0188,1.0,1.0,,2.6803894995332764,Medium,It's okay here.
EMP0189,4.0,1.0,5.0,3.3404546624454823,Medium,Average place to work.
EMP0190,5.0,4.0,2.0,3.53543101353706,High,Very supportive management.
EMP0191,3.0,4.0,4.0,3.656057910669621,High,Best company I've worked for!
EMP0192,5.0,1.0,4.0,3.676735453631797,High,Great place to work!
EMP0193,,5.0,5.0,4.153091058769029,High,Great place to work!
EMP0194,4.0,1.0,4.0,3.5210605995862534,High,Very supportive management.
EMP0195,4.0,2.0,5.0,3.4562914317137436,Medium,Average place to work.
EMP0196,2.0,3.0,2.0,2.213909109046291,Low,Not enough growth opportunities.
EMP0197,3.0,5.0,5.0,4.2887963714528885,High,Love my team.
EMP0198,5.0,2.0,4.0,3.917889125785348,High,Excellent work life balance and growth.
EMP0199,3.0,5.0,4.0,3.9141684276894484,High,Excellent work life balance and growth.
EMP0200,5.0,2.0,5.0,3.716474023292855,High,Great place to work!
EMP0201,4.0,3.0,5.0,4.701403421261899,High,Love my team.
EMP0202,3.0,3.0,,3.5292090254861703,High,Very supportive management.
EMP0203,3.0,4.0,,3.333080255575397,Medium,It's okay here.
EMP0204,2.0,2.0,4.0,2.7850283279518937,Medium,"Some good days, some bad days."
EMP0205,3.0,4.0,4.0,3.409048391205142,Medium,Decent team.
EMP0206,4.0,2.0,3.0,3.1170779262612327,Medium,"Some good days, some bad days."
EMP0207,3.0,4.0,5.0,3.696842928704012,High,Great place to work!
EMP0208,4.0,3.0,,3.2246652224422694,Medium,"Benefits are fine, but work is repetitive."
EMP0209,4.0,5.0,5.0,4.517193205433329,High,Very supportive management.
EMP0210,4.0,4.0,5.0,4.3806155581914,High,Best company I've worked for!
EMP0211,3.0,2.0,3.0,2.38603879605432,Low,Management doesn't listen.
EMP0212,3.0,2.0,4.0,2.7513250697981384,Medium,It's okay here.
EMP0213,,3.0,5.0,3.9904577969429598,High,Great place to work!
EMP0214,4.0,2.0,4.0,3.186840976202138,Medium,Average place to work.
EMP0215,5.0,1.0,1.0,1.8279427268905577,Low,Overworked and underpaid.
EMP0216,5.0,5.0,4.0,4.6078699382936525,High,Great place to work!
EMP0217,2.0,4.0,2.0,2.4397279184111222,Low,Not enough growth opportunities.
EMP0218,3.0,5.0,2.0,3.345273289087521,Medium,Decent team.
EMP0219,4.0,3.0,5.0,4.0133823173302865,High,Excellent work life balance and growth.
EMP0220,4.0,4.0,4.0,4.377123930544321,High,Excellent work life balance and growth.
EMP0221,5.0,4.0,5.0,5.0,High,Love my team.
EMP0222,2.0,1.0,3.0,2.3412617039451904,Low,Poor communication.
EMP0223,4.0,3.0,2.0,2.964067723187474,Medium,"Some good days, some bad days."
EMP0224,2.0,2.0,5.0,2.7519827750870327,Medium,"Benefits are fine, but work is repetitive."
EMP0225,3.0,1.0,3.0,2.660598912706715,Medium,Average place to work.
EMP0226,5.0,1.0,5.0,3.2949965916281503,Medium,It's okay here.
EMP0227,4.0,5.0,4.0,4.205439122150956,High,Excellent work life balance and growth.
EMP0228,1.0,5.0,4.0,3.0285541194868424,Medium,Decent team.
EMP0229,5.0,5.0,4.0,4.875239445445644,High,Excellent work life balance and growth.
EMP0230,3.0,1.0,4.0,2.8841599038422343,Medium,Decent team.
EMP0231,4.0,2.0,1.0,2.2766318378820913,Low,Poor communication.
EMP0232,3.0,4.0,3.0,3.175688201488445,Medium,Decent team.
EMP0233,3.0,5.0,3.0,3.733531276449812,High,Love my team.
EMP0234,2.0,2.0,4.0,2.3603238032243703,Low,Not enough growth opportunities.
EMP0235,3.0,3.0,1.0,2.761835530432285,Medium,"Benefits are fine, but work is repetitive."
EMP0236,1.0,5.0,4.0,3.282752570032072,Medium,Average place to work.
EMP0237,3.0,4.0,1.0,2.7514528644584533,Medium,It's okay here.
EMP0238,4.0,3.0,4.0,3.817282179484276,High,Excellent work life balance and growth.
EMP0239,5.0,3.0,2.0,3.35993281491776,Medium,Average place to work.
EMP0240,4.0,,2.0,3.212112573343714,Medium,Average place to work.
EMP0241,3.0,5.0,5.0,4.0725833351583836,High,Great place to work!
EMP0242,5.0,1.0,4.0,3.649990007677955,High,Best company I've worked for!
EMP0243,5.0,4.0,3.0,4.160304494212595,High,Excellent work life balance and growth.
EMP0244,2.0,4.0,5.0,3.373185662092187,Medium,"Benefits are fine, but work is repetitive."
EMP0245,5.0,4.0,2.0,4.024874522992297,High,Great place to work!
EMP0246,,3.0,4.0,3.2478160732991537,Medium,Decent team.
EMP0247,3.0,,5.0,3.0920067763232497,Medium,"Benefits are fine, but work is repetitive."
EMP0248,,1.0,4.0,3.1763024527895563,Medium,"Benefits are fine, but work is repetitive."
EMP0249,5.0,5.0,2.0,3.7960911465131484,High,Excellent work life balance and growth.
EMP0250,4.0,5.0,5.0,4.093832875019289,High,Best company I've worked for!
EMP0251,2.0,2.0,2.0,1.9984686273304209,Low,Overworked and underpaid.
EMP0252,4.0,4.0,1.0,2.9027758618867345,Medium,"Benefits are fine, but work is repetitive."
EMP0253,4.0,1.0,2.0,2.423753694199045,Low,Not enough growth opportunities.
EMP0254,2.0,5.0,4.0,3.2099801245566653,Medium,Decent team.
EMP0255,3.0,,3.0,3.9626796419107713,High,Love my team.
EMP0256,4.0,4.0,2.0,3.2015521768215582,Medium,It's okay here.
EMP0257,3.0,2.0,3.0,2.570400186548757,Medium,Average place to work.
EMP0258,5.0,1.0,1.0,2.71336498027497,Medium,"Benefits are fine, but work is repetitive."
EMP0259,1.0,,5.0,2.087015710503195,Low,Management doesn't listen.
EMP0260,4.0,2.0,,3.264835068025389,Medium,It's okay here.
EMP0261,4.0,1.0,3.0,2.9142858507080236,Medium,Decent team.
EMP0262,5.0,1.0,5.0,3.666515710861349,High,Love my team.
EMP0263,3.0,5.0,2.0,3.0295514679317535,Medium,"Some good days, some bad days."
EMP0264,2.0,5.0,3.0,3.381011951884196,Medium,Average place to work.
EMP0265,4.0,1.0,4.0,2.856423502267602,Medium,It's okay here.
EMP0266,5.0,3.0,2.0,3.4176463101353227,Medium,Average place to work.
EMP0267,3.0,5.0,2.0,3.0311608596082467,Medium,Average place to work.
EMP0268,1.0,3.0,2.0,1.9910311558749472,Low,Need better work life balance.
EMP0269,3.0,1.0,4.0,3.0996228578150324,Medium,Decent team.
EMP0270,3.0,5.0,1.0,2.4416880212003655,Low,Management doesn't listen.
EMP0271,3.0,2.0,5.0,3.333797306625194,Medium,It's okay here.
EMP0272,5.0,1.0,3.0,3.4569765325659048,Medium,Decent team.
EMP0273,3.0,4.0,1.0,2.5735566758082684,Medium,Decent team.
EMP0274,4.0,3.0,3.0,3.060687287711234,Medium,It's okay here.
EMP0275,3.0,1.0,5.0,3.126289058138221,Medium,Decent team.
EMP0276,1.0,1.0,,2.20049605101313,Low,Need better work life balance.
EMP0277,4.0,5.0,2.0,3.9671566532936406,High,Best company I've worked for!
EMP0278,5.0,5.0,2.0,4.209772801374448,High,Excellent work life balance and growth.
EMP0279,4.0,5.0,4.0,4.3293741212825925,High,Love my team.
EMP0280,,4.0,1.0,2.43029623338471,Low,Management doesn't listen.
EMP0281,5.0,5.0,1.0,4.059573485103183,High,Very supportive management.
EMP0282,3.0,,3.0,2.6429870440057526,Medium,"Benefits are fine, but work is repetitive."
EMP0283,1.0,5.0,4.0,2.7585825044034196,Medium,"Some good days, some bad days."
EMP0284,5.0,2.0,1.0,3.0093439183539474,Medium,Decent team.
EMP0285,2.0,5.0,4.0,3.6958471626559355,High,Great place to work!
EMP0286,4.0,4.0,5.0,4.564634131622652,High,Great place to work!
EMP0287,4.0,2.0,2.0,2.777503114261834,Medium,"Benefits are fine, but work is repetitive."
EMP0288,2.0,1.0,2.0,1.442729727756157,Low,Not enough growth opportunities.
EMP0289,1.0,1.0,2.0,1.1493651460407863,Low,Poor communication.
EMP0290,4.0,3.0,4.0,3.3978250424632117,Medium,"Benefits are fine, but work is repetitive."
EMP0291,5.0,2.0,4.0,3.784681800465505,High,Great place to work!
EMP0292,4.0,3.0,,3.3259343810293927,Medium,"Benefits are fine, but work is repetitive."
EMP0293,5.0,2.0,2.0,3.8435109262306124,High,Best company I've worked for!
EMP0294,2.0,2.0,3.0,2.568403142731439,Medium,"Some good days, some bad days."
EMP0295,4.0,4.0,2.0,3.690864420066729,High,Best company I've worked for!
EMP0296,2.0,3.0,3.0,2.741405747248318,Medium,"Some good days, some bad days."
EMP0297,3.0,4.0,3.0,3.1898047059994448,Medium,"Some good days, some bad days."
EMP0298,4.0,2.0,5.0,3.617383012354578,High,Love my team.
EMP0299,3.0,1.0,3.0,2.344839210055014,Low,Need better work life balance.
EMP0300,4.0,2.0,4.0,3.4564699818103404,Medium,It's okay here.
EMP0301,4.0,4.0,3.0,3.816750943067034,High,Excellent work life balance and growth.
EMP0302,4.0,3.0,2.0,3.1002125883041565,Medium,It's okay here.
EMP0303,1.0,3.0,3.0,2.11282045679706,Low,Poor communication.
EMP0304,4.0,,1.0,2.9217653108536044,Medium,Average place to work.
EMP0305,4.0,3.0,2.0,2.682205372665024,Medium,Decent team.
EMP0306,2.0,5.0,1.0,2.9850137495139952,Medium,"Benefits are fine, but work is repetitive."
EMP0307,3.0,1.0,2.0,2.761658870479624,Medium,"Benefits are fine, but work is repetitive."
EMP0308,3.0,1.0,4.0,3.0598010342784754,Medium,It's okay here.
EMP0309,4.0,1.0,4.0,2.7222803122207764,Medium,"Benefits are fine, but work is repetitive."
EMP0310,,3.0,4.0,3.1361049708922675,Medium,"Some good days, some bad days."
EMP0311,3.0,3.0,1.0,2.707132890486245,Medium,"Benefits are fine, but work is repetitive."
EMP0312,4.0,2.0,5.0,3.5789686904135927,High,Great place to work!
EMP0313,2.0,2.0,2.0,2.1466781718917085,Low,Overworked and underpaid.
EMP0314,4.0,1.0,4.0,2.963109090243214,Medium,"Some good days, some bad days."
EMP0315,3.0,5.0,2.0,3.7586786984441223,High,Great place to work!
EMP0316,3.0,2.0,1.0,2.209611276664594,Low,Not enough growth opportunities.
EMP0317,5.0,2.0,,3.824853352588685,High,Best company I've worked for!
EMP0318,5.0,,1.0,3.400942429402801,Medium,"Benefits are fine, but work is repetitive."
EMP0319,3.0,5.0,2.0,3.6176342020470744,High,Very supportive management.
EMP0320,,1.0,,3.0594394953407624,Medium,"Benefits are fine, but work is repetitive."
EMP0321,4.0,2.0,5.0,3.843832507522981,High,Very supportive management.
EMP0322,2.0,5.0,1.0,2.5790739712313604,Medium,"Benefits are fine, but work is repetitive."
EMP0323,4.0,5.0,,3.95971586405613,High,Love my team.
EMP0324,3.0,1.0,2.0,2.0544798724738476,Low,Overworked and underpaid.
EMP0325,3.0,5.0,3.0,3.7569118898890674,High,Great place to work!
EMP0326,4.0,5.0,3.0,3.9615919396050288,High,Love my team.
EMP0327,4.0,5.0,1.0,3.6402296280218773,High,Very supportive management.
EMP0328,5.0,2.0,2.0,3.082345531640725,Medium,Decent team.
EMP0329,2.0,1.0,2.0,1.602022751764752,Low,Not enough growth opportunities.
EMP0330,5.0,5.0,1.0,4.0493359993981715,High,Great place to work!
EMP0331,,5.0,2.0,2.5665557550409135,Medium,Decent team.
EMP0332,4.0,2.0,4.0,3.276483525653323,Medium,"Benefits are fine, but work is repetitive."
EMP0333,,,,1.7101416128025875,Low,Poor communication.
EMP0334,4.0,3.0,4.0,3.493379284614842,Medium,Average place to work.
EMP0335,3.0,2.0,2.0,2.181915312294796,Low,Management doesn't listen.
EMP0336,4.0,1.0,1.0,1.3511653566807778,Low,Need better work life balance.
EMP0337,4.0,5.0,2.0,3.533809435426766,High,Very supportive management.
EMP0338,3.0,1.0,1.0,2.192615003676685,Low,Need better work life balance.
EMP0339,2.0,1.0,2.0,1.0783121941482685,Low,Poor communication.
EMP0340,5.0,1.0,4.0,3.214423957931235,Medium,It's okay here.
EMP0341,3.0,3.0,4.0,3.431720566767051,Medium,Average place to work.
EMP0342,1.0,1.0,2.0,1.0,Low,Management doesn't listen.
EMP0343,4.0,3.0,1.0,2.6467904159470703,Medium,Decent team.
EMP0344,2.0,5.0,3.0,3.5422589646832234,High,Very supportive management.
EMP0345,3.0,3.0,4.0,3.9129077405546964,High,Love my team.
EMP0346,5.0,,4.0,4.78707396970011,High,Very supportive management.
EMP0347,,5.0,3.0,4.122059894527665,High,Best company I've worked for!
EMP0348,3.0,3.0,2.0,2.4119613784055156,Low,Not enough growth opportunities.
EMP0349,2.0,2.0,1.0,1.743472390799271,Low,Need better work life balance.
EMP0350,3.0,4.0,2.0,3.08428899634953,Medium,Decent team.
EMP0351,3.0,1.0,5.0,3.557378628017475,High,Very supportive management.
EMP0352,4.0,4.0,4.0,4.291241455761161,High,Great place to work!
EMP0353,4.0,1.0,5.0,3.4252319463665475,Medium,Average place to work.
EMP0354,4.0,1.0,4.0,2.9994378240221744,Medium,"Benefits are fine, but work is repetitive."
EMP0355,,5.0,4.0,5.0,High,Love my team.
EMP0356,5.0,1.0,5.0,3.9879784399987686,High,Love my team.
EMP0357,5.0,1.0,5.0,3.5993744859267363,High,Love my team.
EMP0358,3.0,3.0,2.0,2.632613122922557,Medium,It's okay here.
EMP0359,4.0,4.0,,4.03676357799907,High,Excellent work life balance and growth.
EMP0360,1.0,3.0,2.0,1.1786351422448829,Low,Poor communication.
EMP0361,2.0,1.0,2.0,1.793795297362197,Low,Management doesn't listen.
EMP0362,4.0,5.0,2.0,4.234736264967195,High,Excellent work life balance and growth.
EMP0363,2.0,3.0,4.0,2.410832839325809,Low,Not enough growth opportunities.
EMP0364,2.0,3.0,4.0,2.9165787787637054,Medium,It's okay here.
EMP0365,5.0,2.0,5.0,3.8879285662587204,High,Excellent work life balance and growth.
EMP0366,,1.0,,2.856450757670956,Medium,"Benefits are fine, but work is repetitive."
EMP0367,4.0,5.0,5.0,4.54830095298263,High,Best company I've worked for!
EMP0368,3.0,3.0,4.0,2.8919836036747197,Medium,"Benefits are fine, but work is repetitive."
EMP0369,5.0,3.0,1.0,2.905668885815079,Medium,Decent team.
EMP0370,4.0,5.0,1.0,3.1509098404047378,Medium,It's okay here.
EMP0371,3.0,1.0,5.0,3.403295462396162,Medium,It's okay here.
EMP0372,,2.0,4.0,2.987977783079045,Medium,Average place to work.
EMP0373,4.0,3.0,4.0,3.606595633866191,High,Best company I've worked for!
EMP0374,3.0,2.0,2.0,2.7683410300354043,Medium,Decent team.
EMP0375,5.0,4.0,3.0,4.0480448481811475,High,Love my team.
EMP0376,4.0,1.0,5.0,3.3020011724649443,Medium,"Some good days, some bad days."
EMP0377,3.0,4.0,3.0,3.317135352165353,Medium,Average place to work.
EMP0378,3.0,4.0,3.0,3.385447583587091,Medium,It's okay here.
EMP0379,4.0,4.0,5.0,4.133366562140499,High,Love my team.
EMP0380,,1.0,4.0,2.306559722654667,Low,Need better work life balance.
EMP0381,4.0,1.0,5.0,3.6361967516939573,High,Great place to work!
EMP0382,3.0,5.0,3.0,3.638861891761814,High,Excellent work life balance and growth.
EMP0383,4.0,2.0,4.0,3.412834870637296,Medium,Decent team.
EMP0384,5.0,2.0,1.0,3.0482540642842384,Medium,It's okay here.
EMP0385,3.0,5.0,5.0,4.400011818257583,High,Very supportive management.
EMP0386,5.0,5.0,5.0,4.9812152544161235,High,Best company I've worked for!
EMP0387,2.0,4.0,4.0,3.0577456828765555,Medium,Decent team.
EMP0388,5.0,5.0,1.0,3.8567609910422704,High,Excellent work life balance and growth.
EMP0389,5.0,3.0,1.0,2.7218108810530097,Medium,Decent team.
EMP0390,4.0,2.0,4.0,3.336903401348844,Medium,"Some good days, some bad days."
EMP0391,3.0,5.0,,2.558532027505722,Medium,It's okay here.
EMP0392,1.0,3.0,5.0,2.29726246496905,Low,Management doesn't listen.
EMP0393,3.0,3.0,5.0,3.052144245174987,Medium,"Benefits are fine, but work is repetitive."
EMP0394,4.0,3.0,3.0,3.714205522735915,High,Excellent work life balance and growth.
EMP0395,3.0,3.0,4.0,3.304194544790797,Medium,It's okay here.
EMP0396,5.0,4.0,3.0,3.7213852930350995,High,Best company I've worked for!
EMP0397,3.0,3.0,3.0,3.147319813033607,Medium,Average place to work.
EMP0398,1.0,4.0,1.0,2.1965963438099556,Low,Need better work life balance.
EMP0399,4.0,4.0,5.0,4.452545666844212,High,Great place to work!
EMP0400,5.0,3.0,3.0,3.743386961452224,High,Very supportive management.
EMP0401,3.0,2.0,1.0,2.16974598552581,Low,Poor communication.
EMP0402,4.0,3.0,4.0,3.9704489599428197,High,Excellent work life balance and growth.
EMP0403,4.0,3.0,3.0,3.259226248701203,Medium,It's okay here.
EMP0404,2.0,3.0,5.0,3.208960076977348,Medium,It's okay here.
EMP0405,3.0,2.0,3.0,2.622842086618071,Medium,It's okay here.
EMP0406,3.0,1.0,4.0,2.2159752442042544,Low,Need better work life balance.
EMP0407,3.0,1.0,3.0,2.674970454193291,Medium,Average place to work.
EMP0408,5.0,4.0,5.0,5.0,High,Great place to work!
EMP0409,4.0,4.0,1.0,2.8378616136276427,Medium,Decent team.
EMP0410,3.0,2.0,5.0,3.58880407046589,High,Great place to work!
EMP0411,2.0,5.0,1.0,2.3474018660715195,Low,Not enough growth opportunities.
EMP0412,5.0,1.0,2.0,2.9398363445231195,Medium,"Benefits are fine, but work is repetitive."
EMP0413,4.0,4.0,5.0,4.752403682136933,High,Great place to work!
EMP0414,3.0,1.0,5.0,2.843868304382367,Medium,It's okay here.
EMP0415,,2.0,4.0,3.395594075682438,Medium,Decent team.
EMP0416,3.0,2.0,3.0,2.159549101047577,Low,Poor communication.
EMP0417,2.0,5.0,1.0,2.40073869681613,Low,Overworked and underpaid.
EMP0418,2.0,5.0,1.0,2.028118303399788,Low,Overworked and underpaid.
EMP0419,,2.0,4.0,3.9287534359624994,High,Best company I've worked for!
EMP0420,5.0,4.0,4.0,4.649491267685473,High,Very supportive management.
EMP0421,3.0,1.0,3.0,2.333509534028759,Low,Management doesn't listen.
EMP0422,3.0,3.0,3.0,3.085766090177038,Medium,"Some good days, some bad days."
EMP0423,4.0,5.0,5.0,4.502280863424866,High,Great place to work!
EMP0424,4.0,3.0,2.0,3.322163609762331,Medium,Decent team.
EMP0425,4.0,4.0,3.0,3.7388385805375592,High,Excellent work life balance and growth.
EMP0426,1.0,5.0,4.0,2.5043009932589317,Medium,"Benefits are fine, but work is repetitive."
EMP0427,2.0,3.0,3.0,2.8819942454278458,Medium,"Some good days, some bad days."
EMP0428,4.0,4.0,1.0,2.9831371616250535,Medium,Average place to work.
EMP0429,1.0,1.0,2.0,1.0,Low,Management doesn't listen.
EMP0430,4.0,4.0,5.0,4.168319808296799,High,Great place to work!
EMP0431,4.0,5.0,1.0,2.829379105436068,Medium,Average place to work.
EMP0432,3.0,2.0,,1.7250332066282872,Low,Need better work life balance.
EMP0433,3.0,1.0,2.0,2.1428848830346165,Low,Poor communication.
EMP0434,5.0,3.0,5.0,4.46801350590217,High,Best company I've worked for!
EMP0435,3.0,5.0,4.0,3.991931650276551,High,Great place to work!
EMP0436,4.0,2.0,5.0,3.7009629603290493,High,Love my team.
EMP0437,4.0,4.0,3.0,3.492140462958396,Medium,It's okay here.
EMP0438,3.0,2.0,1.0,2.0836622581618305,Low,Poor communication.
EMP0439,4.0,5.0,3.0,3.8688377659156346,High,Excellent work life balance and growth.
EMP0440,4.0,5.0,4.0,3.8122655205774447,High,Best company I've worked for!
EMP0441,4.0,2.0,3.0,2.868275502696824,Medium,Average place to work.
EMP0442,3.0,4.0,5.0,4.166862369350707,High,Best company I've worked for!
EMP0443,2.0,2.0,3.0,2.776488245616483,Medium,Decent team.
EMP0444,3.0,5.0,4.0,4.095382513235607,High,Very supportive management.
EMP0445,4.0,5.0,4.0,4.763109328297724,High,Love my team.
EMP0446,4.0,3.0,4.0,3.7256165830404875,High,Best company I've worked for!
EMP0447,4.0,3.0,5.0,4.522712825410761,High,Great place to work!
EMP0448,4.0,,4.0,3.7163465320985742,High,Best company I've worked for!
EMP0449,3.0,5.0,1.0,2.479959150589144,Low,Overworked and underpaid.
EMP0450,4.0,3.0,4.0,3.76644799213985,High,Very supportive management.
EMP0451,3.0,2.0,3.0,2.725929056726263,Medium,Decent team.
EMP0452,1.0,4.0,3.0,2.3727688553247703,Low,Not enough growth opportunities.
EMP0453,4.0,2.0,3.0,3.247574661445416,Medium,Average place to work.
EMP0454,5.0,4.0,5.0,4.7123375205925635,High,Love my team.
EMP0455,4.0,3.0,3.0,3.179365323882387,Medium,Decent team.
EMP0456,3.0,1.0,5.0,2.9920184684889057,Medium,It's okay here.
EMP0457,4.0,2.0,5.0,4.061378373810517,High,Great place to work!
EMP0458,2.0,2.0,4.0,2.6547614290648025,Medium,Decent team.
EMP0459,3.0,2.0,1.0,2.2880864244768397,Low,Management doesn't listen.
EMP0460,3.0,4.0,4.0,3.5168840699162733,High,Love my team.
EMP0461,5.0,3.0,4.0,4.235619203045484,High,Love my team.
EMP0462,3.0,2.0,5.0,2.937235640855046,Medium,It's okay here.
EMP0463,5.0,,5.0,3.950083850174062,High,Very supportive management.
EMP0464,2.0,,3.0,1.9691994174302216,Low,Management doesn't listen.
EMP0465,3.0,1.0,3.0,2.017099223812039,Low,Overworked and underpaid.
EMP0466,1.0,3.0,4.0,2.2509349843323183,Low,Overworked and underpaid.
EMP0467,2.0,,2.0,2.393933530572167,Low,Not enough growth opportunities.
EMP0468,5.0,5.0,2.0,4.138949574886409,High,Best company I've worked for!
EMP0469,3.0,1.0,3.0,2.641909627397313,Medium,Decent team.
EMP0470,5.0,5.0,2.0,3.9198466945444506,High,Love my team.
EMP0471,3.0,4.0,3.0,3.317280667801573,Medium,"Some good days, some bad days."
EMP0472,5.0,5.0,5.0,4.798439776734852,High,Very supportive management.
EMP0473,4.0,2.0,4.0,3.6118385647327984,High,Love my team.
EMP0474,,5.0,1.0,3.3572238348075745,Medium,Average place to work.
EMP0475,1.0,3.0,4.0,2.644997448175841,Medium,It's okay here.
EMP0476,4.0,4.0,3.0,4.018358282882975,High,Love my team.
EMP0477,3.0,2.0,3.0,2.7097499588663587,Medium,It's okay here.
EMP0478,1.0,5.0,4.0,3.341678150498552,Medium,"Benefits are fine, but work is repetitive."
EMP0479,4.0,4.0,3.0,3.722625322783738,High,Very supportive management.
EMP0480,2.0,4.0,2.0,2.2925215800242698,Low,Need better work life balance.
EMP0481,5.0,2.0,2.0,3.274016416609582,Medium,"Some good days, some bad days."
EMP0482,5.0,5.0,3.0,4.101410991862847,High,Great place to work!
EMP0483,,4.0,3.0,4.401738685470673,High,Love my team.
EMP0484,3.0,4.0,2.0,2.8997735523674,Medium,"Benefits are fine, but work is repetitive."
EMP0485,3.0,1.0,3.0,2.5935113566346994,Medium,"Some good days, some bad days."
EMP0486,1.0,4.0,3.0,2.496276034142322,Low,Poor communication.
EMP0487,4.0,1.0,4.0,2.7299159727892284,Medium,"Benefits are fine, but work is repetitive."
EMP0488,3.0,5.0,1.0,2.4304430909806287,Low,Management doesn't listen.
EMP0489,4.0,5.0,2.0,3.9247041865222396,High,Great place to work!
EMP0490,4.0,5.0,4.0,4.7648022780313175,High,Love my team.
EMP0491,,3.0,1.0,2.1795588878368926,Low,Overworked and underpaid.
EMP0492,1.0,5.0,3.0,2.3029922441321227,Low,Poor communication.
EMP0493,3.0,4.0,3.0,3.202451180273513,Medium,"Some good days, some bad days."
EMP0494,4.0,2.0,4.0,3.1188648864283803,Medium,Decent team.
EMP0495,4.0,1.0,3.0,2.604905296041372,Medium,"Benefits are fine, but work is repetitive."
EMP0496,3.0,3.0,5.0,3.7831121099175857,High,Great place to work!
EMP0497,2.0,5.0,4.0,3.4848610857791487,Medium,"Benefits are fine, but work is repetitive."
EMP0498,5.0,5.0,1.0,3.5511477323353944,High,Great place to work!
EMP0499,1.0,2.0,4.0,2.3765502358783586,Low,Poor communication.
EMP0500,3.0,2.0,2.0,2.6000617035227376,Medium,Average place to work.
EMP0501,3.0,3.0,4.0,3.198882754186612,Medium,"Some good days, some bad days."
EMP0502,2.0,1.0,3.0,2.041374956275418,Low,Poor communication.
EMP0503,1.0,5.0,3.0,2.9561505649230924,Medium,It's okay here.
EMP0504,5.0,3.0,5.0,4.527830939295019,High,Great place to work!
EMP0505,,4.0,5.0,4.312184226089659,High,Great place to work!
EMP0506,4.0,,5.0,4.7297758354675885,High,Great place to work!
EMP0507,4.0,3.0,1.0,2.9748042439045554,Medium,"Some good days, some bad days."
EMP0508,5.0,5.0,5.0,4.86479629505068,High,Excellent work life balance and growth.
EMP0509,2.0,3.0,1.0,1.8665992796903286,Low,Not enough growth opportunities.
EMP0510,4.0,5.0,5.0,4.432574094958998,High,Love my team.
EMP0511,5.0,2.0,1.0,3.089636284168343,Medium,It's okay here.
EMP0512,2.0,3.0,4.0,2.713175731999428,Medium,"Some good days, some bad days."
EMP0513,3.0,,4.0,3.7725302732391586,High,Best company I've worked for!
EMP0514,3.0,3.0,3.0,3.3174067164347436,Medium,It's okay here.
EMP0515,3.0,3.0,1.0,2.457489588620217,Low,Not enough growth opportunities.
EMP0516,3.0,5.0,2.0,3.6595597881363564,High,Great place to work!
EMP0517,2.0,5.0,3.0,3.4394179620057024,Medium,Average place to work.
EMP0518,5.0,1.0,4.0,3.1469984512789813,Medium,Average place to work.
EMP0519,3.0,3.0,1.0,2.3693600825277894,Low,Need better work life balance.
EMP0520,3.0,4.0,5.0,4.196984711990563,High,Excellent work life balance and growth.
EMP0521,3.0,3.0,2.0,2.3333471804546964,Low,Management doesn't listen.
EMP0522,2.0,3.0,4.0,3.025913246107603,Medium,"Some good days, some bad days."
EMP0523,2.0,5.0,3.0,3.1882290578903767,Medium,Average place to work.
EMP0524,4.0,3.0,1.0,2.273563377363284,Low,Overworked and underpaid.
EMP0525,4.0,3.0,2.0,3.13589779135568,Medium,Decent team.
EMP0526,3.0,4.0,,2.4487595951620404,Low,Poor communication.
EMP0527,2.0,5.0,5.0,3.449704465365072,Medium,It's okay here.
EMP0528,3.0,3.0,3.0,3.00274220274679,Medium,It's okay here.
EMP0529,4.0,,1.0,1.920744118224098,Low,Need better work life balance.
EMP0530,3.0,1.0,4.0,2.4977129122245354,Low,Poor communication.
EMP0531,2.0,4.0,3.0,3.665352275750794,High,Very supportive management.
EMP0532,5.0,3.0,4.0,4.295066718022083,High,Love my team.
EMP0533,4.0,2.0,1.0,2.235572528149794,Low,Need better work life balance.
EMP0534,3.0,3.0,3.0,3.421249782030119,Medium,Decent team.
EMP0535,2.0,3.0,4.0,2.6023869317668598,Medium,It's okay here.
EMP0536,5.0,5.0,5.0,4.8338914540593585,High,Best company I've worked for!
EMP0537,,5.0,5.0,4.655344577021213,High,Very supportive management.
EMP0538,4.0,5.0,1.0,3.476823963599806,Medium,"Benefits are fine, but work is repetitive."
EMP0539,2.0,2.0,3.0,2.7105888866291385,Medium,It's okay here.
EMP0540,5.0,3.0,2.0,3.200298130232043,Medium,Average place to work.
EMP0541,4.0,1.0,3.0,2.181867088777273,Low,Management doesn't listen.
EMP0542,4.0,4.0,5.0,4.627290002355826,High,Excellent work life balance and growth.
EMP0543,4.0,5.0,4.0,4.766140150326304,High,Very supportive management.
EMP0544,4.0,5.0,2.0,3.1014758600755803,Medium,Average place to work.
EMP0545,2.0,3.0,1.0,2.1380163024339334,Low,Overworked and underpaid.
EMP0546,2.0,3.0,2.0,2.367951605634586,Low,Management doesn't listen.
EMP0547,2.0,2.0,1.0,1.4637574085336735,Low,Not enough growth opportunities.
EMP0548,,2.0,2.0,2.38169329999923,Low,Need better work life balance.
EMP0549,2.0,5.0,1.0,2.897525103633966,Medium,Average place to work.
EMP0550,2.0,3.0,1.0,2.0537211594371585,Low,Poor communication.
EMP0551,2.0,1.0,2.0,1.7763279372280163,Low,Need better work life balance.
EMP0552,4.0,4.0,,3.2134691941500395,Medium,"Benefits are fine, but work is repetitive."
EMP0553,2.0,3.0,1.0,1.7594272386650127,Low,Not enough growth opportunities.
EMP0554,1.0,,,2.063507937617816,Low,Overworked and underpaid.
EMP0555,2.0,2.0,2.0,1.9315915910645363,Low,Need better work life balance.
EMP0556,3.0,4.0,3.0,3.731647913836267,High,Best company I've worked for!
EMP0557,3.0,5.0,4.0,3.6329236739854043,High,Great place to work!
EMP0558,4.0,3.0,1.0,2.343275591719978,Low,Overworked and underpaid.
EMP0559,4.0,,,3.5306993699371003,High,Great place to work!
EMP0560,4.0,3.0,4.0,3.886023999533901,High,Excellent work life balance and growth.
EMP0561,5.0,5.0,5.0,4.824228211795647,High,Great place to work!
EMP0562,4.0,4.0,4.0,3.8953706605901073,High,Very supportive management.
EMP0563,3.0,2.0,2.0,2.479170935165628,Low,Overworked and underpaid.
EMP0564,4.0,4.0,4.0,3.953335159411202,High,Best company I've worked for!
EMP0565,2.0,1.0,1.0,1.7000388007261946,Low,Management doesn't listen.
EMP0566,1.0,2.0,4.0,2.931172772777266,Medium,Decent team.
EMP0567,4.0,4.0,,3.187250933442863,Medium,"Benefits are fine, but work is repetitive."
EMP0568,3.0,1.0,,2.468926539167394,Low,Overworked and underpaid.
EMP0569,5.0,3.0,,4.131577910307,High,Great place to work!
EMP0570,5.0,3.0,1.0,3.616460281656248,High,Very supportive management.
EMP0571,1.0,5.0,2.0,2.717306353379704,Medium,It's okay here.
EMP0572,3.0,2.0,1.0,2.1183469379807134,Low,Poor communication.
EMP0573,5.0,3.0,5.0,4.62800688273231,High,Excellent work life balance and growth.
EMP0574,,2.0,3.0,2.9817532686445607,Medium,"Some good days, some bad days."
EMP0575,4.0,3.0,5.0,3.7677095733685437,High,Great place to work!
EMP0576,2.0,5.0,3.0,3.4432589346795046,Medium,"Some good days, some bad days."
EMP0577,4.0,4.0,4.0,3.7467014653631487,High,Great place to work!
EMP0578,5.0,5.0,2.0,4.29271177749247,High,Excellent work life balance and growth.
EMP0579,4.0,1.0,4.0,3.1092242749262495,Medium,Decent team.
EMP0580,2.0,3.0,3.0,1.9011675046632268,Low,Need better work life balance.
EMP0581,2.0,1.0,3.0,1.8276852648611182,Low,Management doesn't listen.
EMP0582,3.0,1.0,3.0,2.5004514585073867,Medium,It's okay here.
EMP0583,2.0,2.0,1.0,1.5781998008274523,Low,Management doesn't listen.
EMP0584,1.0,3.0,2.0,1.1359803664713444,Low,Poor communication.
EMP0585,4.0,1.0,4.0,3.4962250383478484,Medium,"Benefits are fine, but work is repetitive."
EMP0586,5.0,4.0,4.0,4.450812515381484,High,Love my team.
EMP0587,4.0,1.0,5.0,3.533121787380942,High,Love my team.
EMP0588,5.0,4.0,3.0,3.9580171543465266,High,Best company I've worked for!
EMP0589,5.0,2.0,3.0,3.659446906443997,High,Great place to work!
EMP0590,3.0,1.0,3.0,2.950446043376011,Medium,"Some good days, some bad days."
EMP0591,3.0,5.0,4.0,3.679478104911793,High,Best company I've worked for!
EMP0592,3.0,2.0,5.0,3.8001038116071215,High,Great place to work!
EMP0593,,4.0,1.0,2.419569219767602,Low,Overworked and underpaid.
EMP0594,3.0,2.0,2.0,2.139170175588941,Low,Need better work life balance.
EMP0595,1.0,1.0,1.0,1.6637171912773026,Low,Poor communication.
EMP0596,3.0,3.0,4.0,3.4174920719666795,Medium,It's okay here.
EMP0597,4.0,3.0,,3.6029436006319124,High,Excellent work life balance and growth.
EMP0598,4.0,4.0,2.0,3.3191943685819725,Medium,Average place to work.
EMP0599,,4.0,4.0,4.161102006401145,High,Best company I've worked for!
EMP0600,4.0,3.0,4.0,3.750343973402737,High,Very supportive management.
EMP0601,5.0,4.0,4.0,4.874439117044999,High,Great place to work!
EMP0602,3.0,2.0,2.0,2.3071020563442937,Low,Poor communication.
EMP0603,3.0,5.0,2.0,3.2919746263277587,Medium,"Benefits are fine, but work is repetitive."
EMP0604,4.0,5.0,5.0,5.0,High,Great place to work!
EMP0605,2.0,2.0,5.0,2.809901946258728,Medium,Decent team.
EMP0606,2.0,,1.0,2.7530828933507356,Medium,Decent team.
EMP0607,3.0,1.0,2.0,2.3632051520219095,Low,Not enough growth opportunities.
EMP0608,3.0,2.0,2.0,2.3409657153369055,Low,Overworked and underpaid.
EMP0609,2.0,4.0,2.0,2.6929512779599767,Medium,"Benefits are fine, but work is repetitive."
EMP0610,3.0,2.0,5.0,3.4983308333043523,Medium,"Benefits are fine, but work is repetitive."
EMP0611,2.0,3.0,4.0,2.779725441936762,Medium,It's okay here.
EMP0612,3.0,4.0,3.0,3.5447295494969984,High,Great place to work!
EMP0613,5.0,3.0,5.0,4.235904174963369,High,Love my team.
EMP0614,4.0,4.0,2.0,3.1974737263118524,Medium,Average place to work.
EMP0615,5.0,,5.0,4.541887681753863,High,Great place to work!
EMP0616,3.0,2.0,1.0,1.9489612968296826,Low,Overworked and underpaid.
EMP0617,2.0,1.0,2.0,1.4553491894389339,Low,Management doesn't listen.
EMP0618,1.0,4.0,1.0,1.7797378131235078,Low,Management doesn't listen.
EMP0619,4.0,4.0,2.0,3.5835977895743465,High,Best company I've worked for!
EMP0620,2.0,3.0,5.0,2.6822977239874692,Medium,"Benefits are fine, but work is repetitive."
EMP0621,3.0,5.0,4.0,3.3075987316238677,Medium,Average place to work.
EMP0622,3.0,3.0,3.0,2.775276235004615,Medium,Decent team.
EMP0623,1.0,3.0,1.0,1.7383691480759969,Low,Overworked and underpaid.
EMP0624,1.0,5.0,5.0,3.486659484105906,Medium,"Some good days, some bad days."
EMP0625,4.0,1.0,4.0,2.8704813001267224,Medium,"Benefits are fine, but work is repetitive."
EMP0626,3.0,3.0,5.0,3.9508224696469387,High,Best company I've worked for!
EMP0627,3.0,3.0,1.0,2.2024770194644976,Low,Need better work life balance.
EMP0628,3.0,4.0,3.0,3.438736195838138,Medium,"Some good days, some bad days."
EMP0629,5.0,5.0,5.0,4.891164101739748,High,Best company I've worked for!
EMP0630,4.0,2.0,2.0,2.5393670947019036,Medium,Decent team.
EMP0631,4.0,1.0,4.0,2.918479963565578,Medium,"Benefits are fine, but work is repetitive."
EMP0632,3.0,1.0,,3.2202001154440674,Medium,"Some good days, some bad days."
EMP0633,3.0,5.0,4.0,4.008307543542827,High,Great place to work!
EMP0634,2.0,4.0,2.0,2.8904307991329627,Medium,Decent team.
EMP0635,3.0,4.0,3.0,3.4082958247611246,Medium,It's okay here.
EMP0636,3.0,5.0,3.0,3.1166491610477345,Medium,"Some good days, some bad days."
EMP0637,2.0,4.0,2.0,3.234324450292638,Medium,Decent team.
EMP0638,5.0,1.0,4.0,3.612550704217541,High,Best company I've worked for!
EMP0639,2.0,1.0,5.0,2.754401466316469,Medium,It's okay here.
EMP0640,2.0,2.0,2.0,1.8869486961510318,Low,Not enough growth opportunities.
EMP0641,3.0,5.0,1.0,3.3339534879902124,Medium,It's okay here.
EMP0642,1.0,3.0,4.0,2.1720677318199635,Low,Overworked and underpaid.
EMP0643,5.0,3.0,3.0,3.9829487232990477,High,Very supportive management.
EMP0644,5.0,2.0,2.0,2.5761100153258885,Medium,"Some good days, some bad days."
EMP0645,3.0,2.0,3.0,2.9031625564050554,Medium,"Some good days, some bad days."
EMP0646,3.0,4.0,4.0,3.2761348765081717,Medium,Decent team.
EMP0647,2.0,2.0,3.0,2.3830983561281376,Low,Need better work life balance.
EMP0648,3.0,2.0,2.0,2.8072021400238527,Medium,"Benefits are fine, but work is repetitive."
EMP0649,5.0,3.0,4.0,4.346815212350132,High,Best company I've worked for!
EMP0650,2.0,4.0,1.0,2.667314501035268,Medium,"Benefits are fine, but work is repetitive."
EMP0651,3.0,2.0,2.0,2.736254533094343,Medium,It's okay here.
EMP0652,1.0,2.0,5.0,2.3427151771270363,Low,Overworked and underpaid.
EMP0653,3.0,4.0,2.0,3.1794990521423565,Medium,Average place to work.
EMP0654,4.0,5.0,4.0,3.782524931217457,High,Very supportive management.
EMP0655,1.0,4.0,2.0,1.9939190746167248,Low,Poor communication.
EMP0656,3.0,3.0,1.0,2.8177964664852153,Medium,Decent team.
EMP0657,4.0,5.0,1.0,3.284488959272134,Medium,Decent team.
EMP0658,3.0,1.0,5.0,2.4395994339987768,Low,Overworked and underpaid.
EMP0659,,4.0,3.0,4.304109675199407,High,Excellent work life balance and growth.
EMP0660,3.0,3.0,4.0,3.468675084950916,Medium,Decent team.
EMP0661,4.0,5.0,4.0,4.529343466091737,High,Best company I've worked for!
EMP0662,3.0,4.0,3.0,3.005859139523431,Medium,It's okay here.
EMP0663,3.0,2.0,1.0,2.1852169711589613,Low,Overworked and underpaid.
EMP0664,4.0,4.0,1.0,3.177272491266758,Medium,It's okay here.
EMP0665,2.0,1.0,2.0,1.4535545430128975,Low,Need better work life balance.
EMP0666,3.0,4.0,5.0,3.8490540943430527,High,Best company I've worked for!
EMP0667,5.0,5.0,5.0,4.549859686165095,High,Love my team.
EMP0668,5.0,,5.0,4.8959871401371995,High,Love my team.
EMP0669,5.0,4.0,2.0,4.092153877177946,High,Best company I've worked for!
EMP0670,2.0,5.0,5.0,3.575945522302374,High,Best company I've worked for!
EMP0671,3.0,,3.0,3.2721893509279663,Medium,Decent team.
EMP0672,2.0,4.0,2.0,2.169172546239483,Low,Poor communication.
EMP0673,5.0,2.0,3.0,3.4219473950613217,Medium,"Benefits are fine, but work is repetitive."
EMP0674,4.0,2.0,2.0,2.6030710109157624,Medium,"Some good days, some bad days."
EMP0675,4.0,3.0,5.0,3.9459457505881392,High,Very supportive management.
EMP0676,5.0,4.0,3.0,4.511442434642277,High,Love my team.
EMP0677,4.0,5.0,3.0,3.704663351060771,High,Love my team.
EMP0678,4.0,2.0,3.0,2.964618840721141,Medium,It's okay here.
EMP0679,4.0,3.0,2.0,3.2963517258169417,Medium,Decent team.
EMP0680,2.0,4.0,4.0,3.2279476339752957,Medium,Decent team.
EMP0681,5.0,4.0,5.0,4.752552484792701,High,Best company I've worked for!
EMP0682,1.0,1.0,3.0,1.3104170981201326,Low,Overworked and underpaid.
EMP0683,4.0,1.0,4.0,3.078524958519251,Medium,"Benefits are fine, but work is repetitive."
EMP0684,5.0,2.0,5.0,4.439473535461857,High,Excellent work life balance and growth.
EMP0685,4.0,1.0,5.0,2.9171437050757065,Medium,Average place to work.
EMP0686,,2.0,3.0,3.2908072547902916,Medium,"Benefits are fine, but work is repetitive."
EMP0687,1.0,5.0,3.0,2.255337511142399,Low,Need better work life balance.
EMP0688,2.0,2.0,2.0,2.1610927090831225,Low,Poor communication.
EMP0689,4.0,1.0,4.0,3.4676411635943407,Medium,"Some good days, some bad days."
EMP0690,2.0,5.0,4.0,3.444977003812387,Medium,"Benefits are fine, but work is repetitive."
EMP0691,1.0,1.0,3.0,1.2983439956454108,Low,Need better work life balance.
EMP0692,,2.0,5.0,2.6071260645636394,Medium,It's okay here.
EMP0693,1.0,3.0,3.0,2.1108828376381767,Low,Not enough growth opportunities.
EMP0694,4.0,4.0,5.0,4.209738386382543,High,Great place to work!
EMP0695,3.0,1.0,5.0,3.2735495335540112,Medium,Decent team.
EMP0696,4.0,,3.0,2.8993371896670963,Medium,"Some good days, some bad days."
EMP0697,3.0,5.0,1.0,3.130523501455758,Medium,Average place to work.
EMP0698,3.0,1.0,4.0,2.6083589912256397,Medium,It's okay here.
EMP0699,3.0,1.0,5.0,2.776572913428049,Medium,"Benefits are fine, but work is repetitive."
EMP0700,,4.0,5.0,3.800887180997707,High,Excellent work life balance and growth.
EMP0701,4.0,2.0,1.0,2.600961514561294,Medium,Average place to work.
EMP0702,4.0,3.0,2.0,3.374480016964511,Medium,"Benefits are fine, but work is repetitive."
EMP0703,4.0,5.0,1.0,3.324408043852453,Medium,It's okay here.
EMP0704,5.0,2.0,1.0,2.538818560760669,Medium,It's okay here.
EMP0705,5.0,,5.0,5.0,High,Excellent work life balance and growth.
EMP0706,1.0,1.0,4.0,1.6305491850543656,Low,Need better work life balance.
EMP0707,3.0,,1.0,2.77824695030326,Medium,Decent team.
EMP0708,3.0,4.0,2.0,2.992550199688874,Medium,"Some good days, some bad days."
EMP0709,2.0,3.0,3.0,2.5524289722961337,Medium,Average place to work.
EMP0710,3.0,4.0,1.0,2.5539071099435984,Medium,It's okay here.
EMP0711,4.0,1.0,1.0,2.3860446341246395,Low,Not enough growth opportunities.
EMP0712,1.0,3.0,2.0,1.0,Low,Poor communication.
EMP0713,3.0,2.0,4.0,3.340941152510111,Medium,It's okay here.
EMP0714,2.0,4.0,1.0,2.026247667681789,Low,Poor communication.
EMP0715,2.0,3.0,1.0,2.1223870729251946,Low,Poor communication.
EMP0716,4.0,1.0,4.0,3.206507685380479,Medium,"Benefits are fine, but work is repetitive."
EMP0717,4.0,5.0,2.0,4.082493214606246,High,Very supportive management.
EMP0718,5.0,5.0,1.0,3.8593247406614206,High,Very supportive management.
EMP0719,3.0,1.0,4.0,2.4512672458097864,Low,Need better work life balance.
EMP0720,4.0,1.0,1.0,1.7185735036267096,Low,Not enough growth opportunities.
EMP0721,5.0,5.0,3.0,4.295359053538108,High,Excellent work life balance and growth.
EMP0722,4.0,3.0,5.0,3.4125473713350964,Medium,It's okay here.
EMP0723,4.0,5.0,3.0,3.8114542881067734,High,Best company I've worked for!
EMP0724,5.0,1.0,1.0,2.5122108139009383,Medium,Decent team.
EMP0725,2.0,4.0,2.0,2.393025206591323,Low,Not enough growth opportunities.
EMP0726,3.0,2.0,5.0,3.312532097209474,Medium,"Some good days, some bad days."
EMP0727,4.0,4.0,3.0,3.629168796724237,High,Best company I've worked for!
EMP0728,4.0,4.0,4.0,3.9016940376013656,High,Excellent work life balance and growth.
EMP0729,5.0,1.0,,2.1727548148888083,Low,Management doesn't listen.
EMP0730,,5.0,3.0,3.611588445794335,High,Love my team.
EMP0731,3.0,,4.0,3.4927970195564626,Medium,Decent team.
EMP0732,4.0,4.0,1.0,3.341276881884233,Medium,Decent team.
EMP0733,3.0,5.0,4.0,3.3483669846063018,Medium,Decent team.
EMP0734,3.0,,,2.7555845456297607,Medium,"Benefits are fine, but work is repetitive."
EMP0735,1.0,4.0,3.0,2.821589610279738,Medium,"Some good days, some bad days."
EMP0736,5.0,3.0,1.0,2.984588355978455,Medium,Average place to work.
EMP0737,3.0,5.0,4.0,3.8665527638624666,High,Excellent work life balance and growth.
EMP0738,4.0,2.0,4.0,3.832541598704773,High,Great place to work!
EMP0739,3.0,5.0,1.0,2.891526806566982,Medium,Decent team.
EMP0740,3.0,1.0,4.0,2.5485841769438653,Medium,"Some good days, some bad days."
EMP0741,4.0,3.0,1.0,2.752888992822211,Medium,"Benefits are fine, but work is repetitive."
EMP0742,4.0,2.0,,3.3560232393699487,Medium,It's okay here.
EMP0743,4.0,3.0,3.0,3.533860550886844,High,Excellent work life balance and growth.
EMP0744,2.0,3.0,2.0,2.3057244883339303,Low,Need better work life balance.
EMP0745,3.0,4.0,5.0,3.7426920132955255,High,Very supportive management.
EMP0746,4.0,1.0,5.0,3.561645078454337,High,Very supportive management.
EMP0747,4.0,3.0,5.0,4.19790993097924,High,Excellent work life balance and growth.
EMP0748,,5.0,1.0,2.278046447157359,Low,Overworked and underpaid.
EMP0749,3.0,,4.0,4.105988457583848,High,Love my team.
EMP0750,5.0,4.0,2.0,3.754654314012971,High,Love my team.
EMP0751,4.0,1.0,2.0,2.507439590388582,Medium,Decent team.
EMP0752,3.0,1.0,2.0,1.8347132991035047,Low,Poor communication.
EMP0753,5.0,5.0,2.0,3.9800053916513267,High,Love my team.
EMP0754,2.0,2.0,5.0,2.590957320433151,Medium,"Benefits are fine, but work is repetitive."
EMP0755,2.0,4.0,2.0,2.2765345489651096,Low,Need better work life balance.
EMP0756,5.0,4.0,4.0,4.5131270661280345,High,Very supportive management.
EMP0757,3.0,5.0,5.0,4.093465030367068,High,Very supportive management.
EMP0758,3.0,5.0,2.0,2.9101086990412757,Medium,Decent team.
EMP0759,4.0,2.0,1.0,3.1531157942465127,Medium,"Some good days, some bad days."
EMP0760,4.0,2.0,3.0,2.7626034882052193,Medium,"Benefits are fine, but work is repetitive."
EMP0761,,1.0,3.0,2.3276308883058,Low,Management doesn't listen.
EMP0762,2.0,4.0,3.0,2.4570609075134593,Low,Overworked and underpaid.
EMP0763,5.0,4.0,5.0,4.8369507005503385,High,Love my team.
EMP0764,5.0,5.0,2.0,4.024831889414393,High,Great place to work!
EMP0765,3.0,1.0,5.0,2.8112829805924786,Medium,Average place to work.
EMP0766,3.0,4.0,4.0,3.6590226971297124,High,Very supportive management.
EMP0767,3.0,1.0,1.0,1.8186779568987999,Low,Poor communication.
EMP0768,3.0,1.0,1.0,1.5562604448953867,Low,Management doesn't listen.
EMP0769,2.0,5.0,3.0,2.9426783357638997,Medium,"Some good days, some bad days."
EMP0770,4.0,1.0,3.0,2.3278257364016794,Low,Overworked and underpaid.
EMP0771,5.0,2.0,3.0,3.5916693153071155,High,Very supportive management.
EMP0772,4.0,2.0,2.0,2.4238585518699978,Low,Overworked and underpaid.
EMP0773,4.0,3.0,4.0,3.701192486955155,High,Very supportive management.
EMP0774,3.0,,4.0,4.077743395236215,High,Great place to work!
EMP0775,3.0,3.0,4.0,3.362416509547216,Medium,Average place to work.
EMP0776,4.0,2.0,4.0,3.183060610594823,Medium,It's okay here.
EMP0777,5.0,3.0,3.0,4.07264372340499,High,Very supportive management.
EMP0778,4.0,5.0,1.0,3.277608556569624,Medium,It's okay here.
EMP0779,3.0,5.0,3.0,3.199751772298503,Medium,"Some good days, some bad days."
EMP0780,2.0,1.0,4.0,2.2148817486640167,Low,Poor communication.
EMP0781,4.0,4.0,3.0,3.8760392133954173,High,Great place to work!
EMP0782,1.0,1.0,4.0,1.6976757056769618,Low,Poor communication.
EMP0783,2.0,5.0,,4.063454724491091,High,Love my team.
EMP0784,4.0,2.0,1.0,2.2689021804347047,Low,Management doesn't listen.
EMP0785,4.0,2.0,5.0,3.509736041894342,High,Very supportive management.
EMP0786,2.0,1.0,,1.3861762952440244,Low,Poor communication.
EMP0787,3.0,5.0,3.0,3.8051128610724088,High,Excellent work life balance and growth.
EMP0788,2.0,2.0,2.0,1.9840272289732392,Low,Not enough growth opportunities.
EMP0789,1.0,5.0,3.0,2.5060714156768076,Medium,Decent team.
EMP0790,4.0,2.0,5.0,3.581136897315669,High,Great place to work!
EMP0791,3.0,5.0,4.0,2.978654703630292,Medium,It's okay here.
EMP0792,2.0,3.0,4.0,3.133391709039993,Medium,"Some good days, some bad days."
EMP0793,3.0,5.0,3.0,3.548776008150508,High,Excellent work life balance and growth.
EMP0794,3.0,5.0,4.0,3.1781285546970315,Medium,It's okay here.
EMP0795,4.0,1.0,5.0,2.9629955676027757,Medium,Decent team.
EMP0796,3.0,3.0,4.0,3.173521781232719,Medium,Decent team.
EMP0797,3.0,4.0,5.0,3.505748772268549,High,Great place to work!
EMP0798,3.0,1.0,2.0,2.3380047971058175,Low,Poor communication.
EMP0799,5.0,4.0,5.0,4.825571865797347,High,Best company I've worked for!
EMP0800,2.0,2.0,1.0,1.8078607830553606,Low,Management doesn't listen.
EMP0801,5.0,4.0,1.0,2.7186959194355884,Medium,"Benefits are fine, but work is repetitive."
EMP0802,5.0,5.0,1.0,3.6423624757379316,High,Love my team.
EMP0803,4.0,4.0,3.0,3.490715064817283,Medium,"Benefits are fine, but work is repetitive."
EMP0804,4.0,1.0,3.0,2.5137836637686237,Medium,Decent team.
EMP0805,1.0,,3.0,1.4754474156508863,Low,Need better work life balance.
EMP0806,4.0,4.0,5.0,3.962128537874181,High,Best company I've worked for!
EMP0807,3.0,1.0,3.0,2.4645662198850657,Low,Poor communication.
EMP0808,3.0,,2.0,2.3299654063013318,Low,Management doesn't listen.
EMP0809,3.0,,1.0,2.9041151215271017,Medium,"Some good days, some bad days."
EMP0810,3.0,3.0,5.0,3.558626624486556,High,Very supportive management.
EMP0811,3.0,3.0,1.0,2.9997719089000507,Medium,It's okay here.
EMP0812,4.0,2.0,3.0,3.441992534350153,Medium,Average place to work.
EMP0813,5.0,1.0,5.0,3.7695325388982344,High,Very supportive management.
EMP0814,5.0,4.0,4.0,4.2553183369395455,High,Excellent work life balance and growth.
EMP0815,5.0,1.0,2.0,3.301408148834576,Medium,Decent team.
EMP0816,3.0,,3.0,3.90227420482882,High,Best company I've worked for!
EMP0817,3.0,1.0,,1.9768718388527315,Low,Poor communication.
EMP0818,3.0,1.0,2.0,2.425746395768624,Low,Overworked and underpaid.
EMP0819,5.0,3.0,2.0,3.4536879395828213,Medium,"Benefits are fine, but work is repetitive."
EMP0820,1.0,4.0,4.0,2.5417265408219922,Medium,"Benefits are fine, but work is repetitive."
EMP0821,4.0,1.0,3.0,2.206238242227801,Low,Poor communication.
EMP0822,4.0,3.0,3.0,3.3193251415906593,Medium,Average place to work.
EMP0823,3.0,2.0,1.0,2.0963317244340227,Low,Overworked and underpaid.
EMP0824,2.0,3.0,5.0,3.6761982962330655,High,Very supportive management.
EMP0825,3.0,3.0,5.0,3.8871701423246057,High,Love my team.
EMP0826,3.0,3.0,1.0,2.2251339835871895,Low,Need better work life balance.
EMP0827,2.0,1.0,5.0,2.7168027182659213,Medium,"Benefits are fine, but work is repetitive."
EMP0828,,1.0,,1.9478748268018473,Low,Not enough growth opportunities.
EMP0829,5.0,2.0,5.0,4.125787216405164,High,Great place to work!
EMP0830,2.0,5.0,5.0,3.6238537522906387,High,Excellent work life balance and growth.
EMP0831,3.0,5.0,1.0,2.840348263126966,Medium,Average place to work.
EMP0832,2.0,5.0,4.0,3.615641921137086,High,Great place to work!
EMP0833,4.0,2.0,5.0,3.8238941696575144,High,Very supportive management.
EMP0834,5.0,5.0,5.0,4.912113615270936,High,Great place to work!
EMP0835,1.0,5.0,4.0,2.3142543384839978,Low,Poor communication.
EMP0836,3.0,3.0,1.0,2.0128431818126127,Low,Overworked and underpaid.
EMP0837,4.0,1.0,4.0,3.2859066764836338,Medium,"Some good days, some bad days."
EMP0838,2.0,1.0,1.0,1.0,Low,Poor communication.
EMP0839,4.0,3.0,2.0,3.4552543049101647,Medium,Average place to work.
EMP0840,4.0,3.0,1.0,3.110847178341551,Medium,Decent team.
EMP0841,3.0,3.0,2.0,2.712328914579962,Medium,Decent team.
EMP0842,2.0,1.0,2.0,1.8793793102685825,Low,Not enough growth opportunities.
EMP0843,4.0,5.0,,3.5586324035076657,High,Very supportive management.
EMP0844,4.0,3.0,3.0,3.364938061490136,Medium,"Some good days, some bad days."
EMP0845,3.0,2.0,1.0,1.687833264723429,Low,Not enough growth opportunities.
EMP0846,1.0,3.0,5.0,3.0901818925185056,Medium,"Benefits are fine, but work is repetitive."
EMP0847,5.0,4.0,5.0,5.0,High,Excellent work life balance and growth.
EMP0848,2.0,3.0,3.0,2.237422842727297,Low,Management doesn't listen.
EMP0849,3.0,1.0,2.0,1.6766234984490902,Low,Overworked and underpaid.
EMP0850,2.0,3.0,3.0,2.5589609285727972,Medium,It's okay here.
EMP0851,4.0,4.0,5.0,4.1121326213090645,High,Excellent work life balance and growth.
EMP0852,4.0,2.0,3.0,3.1434847720616377,Medium,Average place to work.
EMP0853,4.0,5.0,1.0,3.762398211958116,High,Love my team.
EMP0854,3.0,3.0,3.0,2.3262988685182515,Low,Overworked and underpaid.
EMP0855,4.0,4.0,,3.874381585485746,High,Great place to work!
EMP0856,4.0,4.0,1.0,2.977999467436924,Medium,Decent team.
EMP0857,4.0,,4.0,3.5535336935951487,High,Excellent work life balance and growth.
EMP0858,3.0,1.0,5.0,3.18561775143134,Medium,Average place to work.
EMP0859,2.0,3.0,5.0,3.420602346259339,Medium,"Some good days, some bad days."
EMP0860,3.0,,3.0,3.3185724312089993,Medium,It's okay here.
EMP0861,3.0,2.0,1.0,2.1886681805360237,Low,Poor communication.
EMP0862,2.0,5.0,4.0,3.5867066151816207,High,Excellent work life balance and growth.
EMP0863,4.0,4.0,1.0,2.9109151597661653,Medium,"Benefits are fine, but work is repetitive."
EMP0864,2.0,2.0,5.0,2.372583442568841,Low,Management doesn't listen.
EMP0865,1.0,1.0,1.0,1.0,Low,Overworked and underpaid.
EMP0866,3.0,1.0,4.0,2.66872860615059,Medium,"Some good days, some bad days."
EMP0867,5.0,4.0,3.0,3.863958002931084,High,Love my team.
EMP0868,3.0,4.0,2.0,2.76465117828314,Medium,Decent team.
EMP0869,5.0,3.0,1.0,3.7397753137058585,High,Excellent work life balance and growth.
EMP0870,4.0,2.0,2.0,3.057668438997962,Medium,Average place to work.
EMP0871,4.0,4.0,5.0,4.224377210227008,High,Excellent work life balance and growth.
EMP0872,4.0,3.0,3.0,3.6016104836966325,High,Excellent work life balance and growth.
EMP0873,5.0,3.0,3.0,3.6739194183227295,High,Best company I've worked for!
EMP0874,2.0,4.0,1.0,2.3332170302559487,Low,Not enough growth opportunities.
EMP0875,5.0,1.0,3.0,3.3324885945256746,Medium,It's okay here.
EMP0876,,2.0,1.0,2.3747182096684365,Low,Not enough growth opportunities.
EMP0877,5.0,2.0,1.0,2.694424835738871,Medium,It's okay here.
EMP0878,5.0,1.0,2.0,3.267179545540551,Medium,Average place to work.
EMP0879,3.0,4.0,3.0,3.484233890159432,Medium,"Some good days, some bad days."
EMP0880,5.0,2.0,1.0,2.223616736512185,Low,Not enough growth opportunities.
EMP0881,4.0,4.0,2.0,3.199559220990517,Medium,Decent team.
EMP0882,4.0,4.0,4.0,3.765618250091682,High,Great place to work!
EMP0883,4.0,3.0,2.0,2.9136585733562805,Medium,"Benefits are fine, but work is repetitive."
EMP0884,4.0,1.0,2.0,2.758720686627669,Medium,Decent team.
EMP0885,5.0,4.0,1.0,3.5057617904011074,High,Great place to work!
EMP0886,2.0,5.0,5.0,3.383111098743336,Medium,It's okay here.
EMP0887,2.0,1.0,5.0,2.4850355489124154,Low,Need better work life balance.
EMP0888,2.0,2.0,5.0,3.0625212942848568,Medium,"Some good days, some bad days."
EMP0889,5.0,3.0,2.0,3.434106495339874,Medium,Decent team.
EMP0890,3.0,2.0,1.0,1.9065972146509527,Low,Need better work life balance.
EMP0891,4.0,2.0,3.0,3.1993657836215585,Medium,"Benefits are fine, but work is repetitive."
EMP0892,4.0,1.0,2.0,2.985457746831723,Medium,"Some good days, some bad days."
EMP0893,3.0,2.0,2.0,2.538427449887556,Medium,Decent team.
EMP0894,3.0,4.0,,3.0902824539095097,Medium,"Benefits are fine, but work is repetitive."
EMP0895,4.0,2.0,4.0,3.2267157346405293,Medium,"Some good days, some bad days."
EMP0896,4.0,3.0,2.0,3.0974913666627817,Medium,Decent team.
EMP0897,3.0,3.0,4.0,3.291434404639295,Medium,Average place to work.
EMP0898,5.0,5.0,4.0,4.735603725220307,High,Great place to work!
EMP0899,3.0,3.0,5.0,3.732155881914275,High,Love my team.
EMP0900,5.0,2.0,1.0,2.6243092636835663,Medium,It's okay here.
EMP0901,5.0,3.0,4.0,4.294199805654043,High,Very supportive management.
EMP0902,2.0,1.0,1.0,1.0,Low,Need better work life balance.
EMP0903,,,5.0,3.5992730012479957,High,Excellent work life balance and growth.
EMP0904,2.0,4.0,1.0,2.940687830351969,Medium,Decent team.
EMP0905,3.0,1.0,2.0,1.9469637781563374,Low,Management doesn't listen.
EMP0906,3.0,5.0,4.0,4.118855805295861,High,Love my team.
EMP0907,,4.0,1.0,4.009487117728087,High,Best company I've worked for!
EMP0908,1.0,2.0,3.0,1.2056631763664571,Low,Overworked and underpaid.
EMP0909,2.0,2.0,1.0,2.0378738540467127,Low,Need better work life balance.
EMP0910,3.0,2.0,4.0,3.1946830818777814,Medium,"Benefits are fine, but work is repetitive."
EMP0911,2.0,4.0,5.0,3.992119184279912,High,Love my team.
EMP0912,,4.0,5.0,3.1455430515006118,Medium,"Some good days, some bad days."
EMP0913,4.0,4.0,4.0,4.435376397086384,High,Best company I've worked for!
EMP0914,3.0,1.0,2.0,1.878175670519193,Low,Not enough growth opportunities.
EMP0915,3.0,1.0,2.0,2.4164333442829973,Low,Overworked and underpaid.
EMP0916,3.0,2.0,5.0,3.2891936892736684,Medium,Average place to work.
EMP0917,,3.0,5.0,3.431230641930542,Medium,Average place to work.
EMP0918,4.0,2.0,4.0,3.414660754991546,Medium,"Some good days, some bad days."
EMP0919,3.0,5.0,2.0,2.7481795247439815,Medium,"Some good days, some bad days."
EMP0920,,1.0,5.0,2.063836793116861,Low,Management doesn't listen.
EMP0921,4.0,4.0,2.0,3.462974660195047,Medium,Average place to work.
EMP0922,2.0,1.0,5.0,2.520879488710596,Medium,It's okay here.
EMP0923,3.0,4.0,1.0,2.8194662854260883,Medium,"Some good days, some bad days."
EMP0924,5.0,5.0,3.0,4.324353960246928,High,Excellent work life balance and growth.
EMP0925,2.0,5.0,1.0,3.2054232148153456,Medium,It's okay here.
EMP0926,3.0,1.0,5.0,3.069161138348491,Medium,"Benefits are fine, but work is repetitive."
EMP0927,3.0,4.0,3.0,3.1659156817252008,Medium,It's okay here.
EMP0928,3.0,5.0,3.0,3.70120891990406,High,Love my team.
EMP0929,3.0,2.0,5.0,3.1713975609356084,Medium,Decent team.
EMP0930,2.0,2.0,5.0,2.927879070234196,Medium,"Some good days, some bad days."
EMP0931,3.0,4.0,2.0,2.63475594382925,Medium,Average place to work.
EMP0932,,1.0,5.0,3.3974244394421187,Medium,Average place to work.
EMP0933,5.0,,4.0,4.556644281189448,High,Great place to work!
EMP0934,3.0,1.0,,2.663179012389396,Medium,Average place to work.
EMP0935,5.0,2.0,4.0,4.392720760421793,High,Love my team.
EMP0936,2.0,5.0,5.0,3.47487938901795,Medium,"Benefits are fine, but work is repetitive."
EMP0937,5.0,1.0,2.0,2.902089267032581,Medium,"Some good days, some bad days."
EMP0938,3.0,3.0,4.0,3.059157589515373,Medium,It's okay here.
EMP0939,3.0,4.0,1.0,2.7891118412639626,Medium,Average place to work.
EMP0940,3.0,4.0,4.0,3.2176844596593255,Medium,"Benefits are fine, but work is repetitive."
EMP0941,,3.0,2.0,3.3521070471806653,Medium,Decent team.
EMP0942,1.0,2.0,4.0,2.8108468559076525,Medium,"Benefits are fine, but work is repetitive."
EMP0943,4.0,5.0,5.0,4.348138228869798,High,Excellent work life balance and growth.
EMP0944,3.0,4.0,5.0,4.265090658804397,High,Love my team.
EMP0945,4.0,3.0,2.0,2.985436196681293,Medium,Decent team.
EMP0946,4.0,3.0,3.0,3.8517373363228256,High,Great place to work!
EMP0947,5.0,2.0,5.0,4.756549695828797,High,Great place to work!
EMP0948,4.0,2.0,1.0,2.4298884964874623,Low,Need better work life balance.
EMP0949,5.0,1.0,2.0,2.4439201757316042,Low,Need better work life balance.
EMP0950,,4.0,4.0,3.484425316230827,Medium,Average place to work.
EMP0951,5.0,1.0,4.0,3.5673251623832347,High,Best company I've worked for!
EMP0952,4.0,3.0,1.0,2.9505373503332923,Medium,"Benefits are fine, but work is repetitive."
EMP0953,5.0,5.0,5.0,4.89804648744669,High,Very supportive management.
EMP0954,2.0,5.0,2.0,2.63465215440179,Medium,Decent team.
EMP0955,1.0,2.0,1.0,1.6481044542900922,Low,Overworked and underpaid.
EMP0956,4.0,5.0,5.0,4.695936998366809,High,Very supportive management.
EMP0957,2.0,5.0,2.0,2.466932889744882,Low,Poor communication.
EMP0958,3.0,5.0,4.0,4.106062566960868,High,Very supportive management.
EMP0959,3.0,3.0,2.0,2.8458505793899502,Medium,"Benefits are fine, but work is repetitive."
EMP0960,5.0,5.0,3.0,4.302410322702931,High,Love my team.
EMP0961,3.0,5.0,2.0,3.785943970272697,High,Great place to work!
EMP0962,,5.0,3.0,3.8145480512958208,High,Excellent work life balance and growth.
EMP0963,4.0,1.0,2.0,2.4493040505535477,Low,Need better work life balance.
EMP0964,4.0,3.0,3.0,3.6305944263904593,High,Best company I've worked for!
EMP0965,2.0,2.0,4.0,2.6230288850992163,Medium,Average place to work.
EMP0966,3.0,1.0,5.0,2.584673053692469,Medium,It's okay here.
EMP0967,3.0,,3.0,3.355139811898029,Medium,"Benefits are fine, but work is repetitive."
EMP0968,5.0,,3.0,3.67568306241043,High,Best company I've worked for!
EMP0969,2.0,3.0,4.0,3.157098873474879,Medium,It's okay here.
EMP0970,3.0,4.0,3.0,3.345365503198542,Medium,Average place to work.
EMP0971,5.0,4.0,1.0,3.528352295914217,High,Excellent work life balance and growth.
EMP0972,3.0,4.0,4.0,3.285524650884285,Medium,"Benefits are fine, but work is repetitive."
EMP0973,5.0,2.0,1.0,2.830992407625798,Medium,"Benefits are fine, but work is repetitive."
EMP0974,3.0,5.0,4.0,4.191030328203796,High,Great place to work!
EMP0975,4.0,,3.0,3.1670390966375885,Medium,It's okay here.
EMP0976,2.0,5.0,1.0,2.5902349330736856,Medium,It's okay here.
EMP0977,1.0,,3.0,2.519066184505297,Medium,It's okay here.
EMP0978,4.0,4.0,,3.6448472076844993,High,Best company I've worked for!
EMP0979,3.0,2.0,3.0,2.6745422865031943,Medium,"Some good days, some bad days."
EMP0980,1.0,1.0,1.0,1.0521403494632016,Low,Poor communication.
EMP0981,2.0,2.0,1.0,2.2981588817697784,Low,Need better work life balance.
EMP0982,5.0,5.0,3.0,4.263361884846137,High,Best company I've worked for!
EMP0983,4.0,2.0,2.0,2.7849492197098353,Medium,Average place to work.
EMP0984,3.0,4.0,4.0,3.2249779446087232,Medium,It's okay here.
EMP0985,3.0,1.0,4.0,2.8836720044720745,Medium,Average place to work.
EMP0986,4.0,,3.0,3.819428433805984,High,Very supportive management.
EMP0987,2.0,1.0,2.0,2.1465184033074287,Low,Need better work life balance.
EMP0988,2.0,5.0,1.0,2.9334866454526125,Medium,It's okay here.
EMP0989,,1.0,5.0,2.705422000652685,Medium,Average place to work.
EMP0990,5.0,1.0,5.0,3.65897855012339,High,Excellent work life balance and growth.
EMP0991,4.0,1.0,,2.861400531367018,Medium,It's okay here.
EMP0992,4.0,2.0,2.0,2.766695961360472,Medium,"Some good days, some bad days."
EMP0993,5.0,2.0,2.0,3.486019259971394,Medium,"Benefits are fine, but work is repetitive."
EMP0994,2.0,5.0,4.0,3.7478694469887404,High,Best company I've worked for!
EMP0995,4.0,1.0,1.0,2.111075366903574,Low,Overworked and underpaid.
EMP0996,3.0,3.0,2.0,2.261401866051937,Low,Not enough growth opportunities.
EMP0997,4.0,5.0,5.0,5.0,High,Very supportive management.
EMP0998,5.0,1.0,1.0,2.774562187046961,Medium,Decent team.
EMP0999,4.0,1.0,1.0,2.1041529788281994,Low,Poor communication.
EMP1000,1.0,2.0,3.0,2.0628620044311012,Low,Not enough growth opportunities.
